{
  "type": "estimated_blind_rl",
  "size": [
    21,
    21
  ],
  "kernel": [
    [
      4.254055056662764e-06,
      8.841920134727843e-06,
      1.7481073882663622e-05,
      3.184644810971804e-05,
      5.3457792091649026e-05,
      8.267470548162237e-05,
      0.00011785094829974696,
      0.00015482315211556852,
      0.0001874935405794531,
      0.0002092508802888915,
      0.00021529122022911906,
      0.00020418989879544824,
      0.0001785132335498929,
      0.0001438754261471331,
      0.00010688932525226846,
      7.321371958823875e-05,
      4.6229026338551193e-05,
      2.6908362997346558e-05,
      1.4437863683269825e-05,
      7.142363301682053e-06,
      3.3637334126979113e-06
    ],
    [
      8.962699212133884e-06,
      1.8625094526214525e-05,
      3.681690213852562e-05,
      6.705219129798934e-05,
      0.00011252847616560757,
      0.00017401699733454734,
      0.0002479920512996614,
      0.0003257663920521736,
      0.00039445055881515145,
      0.0004402248014230281,
      0.000452933250926435,
      0.00042963126907125115,
      0.0003756296937353909,
      0.000302715168800205,
      0.0002249663375550881,
      0.00015411457570735365,
      9.732211765367538e-05,
      5.6662251154193655e-05,
      3.0406072255573235e-05,
      1.504500596638536e-05,
      7.0872324613446835e-06
    ],
    [
      1.7963382560992613e-05,
      3.732592085725628e-05,
      7.375855057034642e-05,
      0.00013431796105578542,
      0.00022534372692462057,
      0.0003483840264379978,
      0.0004964020336046815,
      0.0006520624156109989,
      0.0007894564769230783,
      0.0008811458828859031,
      0.0009068323415704072,
      0.000860201776959002,
      0.0007522291271016002,
      0.0006063986220397055,
      0.0004507274425122887,
      0.00030881946440786123,
      0.00019508140394464135,
      0.00011360267671989277,
      6.0976246459176764e-05,
      3.0183209673850797e-05,
      1.4224856386135798e-05
    ],
    [
      3.319059032946825e-05,
      6.894400576129556e-05,
      0.0001362018083455041,
      0.0002479461836628616,
      0.00041587327723391354,
      0.0006428653723560274,
      0.0009160367189906538,
      0.001203308580443263,
      0.0014570648781955242,
      0.0016267119208350778,
      0.0016743697924539447,
      0.0015888332854956388,
      0.0013898620381951332,
      0.0011208578944206238,
      0.0008332139113917947,
      0.0005710824043489993,
      0.00036082856240682304,
      0.00021017181279603392,
      0.00011286087828921154,
      5.5888329370645806e-05,
      2.634716292959638e-05
    ],
    [
      5.652806066791527e-05,
      0.00011739198816940188,
      0.00023185319150798023,
      0.0004219714319333434,
      0.0007076984620653093,
      0.0010940602514892817,
      0.001559052849188447,
      0.0020483469124883413,
      0.00248137884773314,
      0.002771676518023014,
      0.002854003105312586,
      0.0027092418167740107,
      0.002371027832850814,
      0.00191271654330194,
      0.0014222953468561172,
      0.0009750967146828771,
      0.0006162682548165321,
      0.00035906999255530536,
      0.00019288730982225388,
      9.555240831105039e-05,
      4.506257391767576e-05
    ],
    [
      8.879091910785064e-05,
      0.00018432752403896302,
      0.0003639727656263858,
      0.0006624168599955738,
      0.0011109967017546296,
      0.0017179065616801381,
      0.0024491772055625916,
      0.0032195523381233215,
      0.0039021484553813934,
      0.004361769650131464,
      0.0044937958009541035,
      0.004268211778253317,
      0.003737411927431822,
      0.003015903290361166,
      0.0022433926351368427,
      0.0015383531572297215,
      0.0009725132258608937,
      0.0005667240475304425,
      0.00030451937345787883,
      0.00015087873907759786,
      7.117594941519201e-05
    ],
    [
      0.00012862456787843257,
      0.0002669792447704822,
      0.0005272303242236376,
      0.0009596631280146539,
      0.0016101213404908776,
      0.002490634797140956,
      0.003553031012415886,
      0.004674311727285385,
      0.005670933052897453,
      0.006344170775264502,
      0.006542722694575787,
      0.00621906528249383,
      0.005447567440569401,
      0.004396762698888779,
      0.0032710868399590254,
      0.002242953982204199,
      0.001417924533598125,
      0.0008263781783170998,
      0.00044403993524610996,
      0.0002199856098741293,
      0.00010377360740676522
    ],
    [
      0.00017191706865560263,
      0.0003568942775018513,
      0.0007049179403111339,
      0.001283486606553197,
      0.0021549081429839134,
      0.003336358116939664,
      0.004764117766171694,
      0.0062750838696956635,
      0.007622354198247194,
      0.008537614718079567,
      0.008812133222818375,
      0.008380722254514694,
      0.007342353463172913,
      0.00592606607824564,
      0.004407085012644529,
      0.003021168289706111,
      0.0019089160487055779,
      0.001112217316403985,
      0.0005973706138320267,
      0.0002958366821985692,
      0.00013947633851785213
    ],
    [
      0.00021204882068559527,
      0.000440458970842883,
      0.000870558142196387,
      0.0015864053275436163,
      0.0026661385782063007,
      0.004132252652198076,
      0.005907916929572821,
      0.007791321724653244,
      0.009475387632846832,
      0.010622459463775158,
      0.010971601121127605,
      0.010435809381306171,
      0.0091395927593112,
      0.00737128546461463,
      0.00547728082165122,
      0.0037514364812523127,
      0.002368353074416518,
      0.0013784983893856406,
      0.000739651673939079,
      0.00036594600533135235,
      0.0001723524328554049
    ],
    [
      0.00024160328030120581,
      0.0005022298428229988,
      0.0009934483096003532,
      0.0018122227629646659,
      0.0030487210024148226,
      0.004730841610580683,
      0.006770499516278505,
      0.00893743708729744,
      0.01087768841534853,
      0.01219921000301838,
      0.012599821202456951,
      0.011973000131547451,
      0.010472998023033142,
      0.008434507064521313,
      0.006257250905036926,
      0.004278156440705061,
      0.002696828916668892,
      0.0015672958688810468,
      0.0008399503421969712,
      0.0004151653265580535,
      0.00019535374303814024
    ],
    [
      0.0002542496076785028,
      0.0005289996624924242,
      0.001047208090312779,
      0.0019119220087304711,
      0.003219060366973281,
      0.004997769836336374,
      0.00715633062645793,
      0.009446143172681332,
      0.01149090938270092,
      0.01287451758980751,
      0.01327609084546566,
      0.012588565237820148,
      0.010985921137034893,
      0.008830145932734013,
      0.006539480295032263,
      0.004465371835976839,
      0.002812076359987259,
      0.0016335388645529747,
      0.0008752754656597972,
      0.00043259942322038114,
      0.000203670424525626
    ],
    [
      0.0002469373575877398,
      0.000513879640493542,
      0.0010176819050684571,
      0.0018580021569505334,
      0.003127426141873002,
      0.0048524159938097,
      0.006939724553376436,
      0.00914700236171484,
      0.011105669662356377,
      0.012416808865964413,
      0.012776229530572891,
      0.012093454599380493,
      0.01054119411855936,
      0.00846622884273529,
      0.006268303841352463,
      0.004280358087271452,
      0.0026969383470714092,
      0.0015676384791731834,
      0.0008405676344409585,
      0.00041583695565350354,
      0.00019592839817050844
    ],
    [
      0.0002206614299211651,
      0.0004589483141899109,
      0.0009080578456632793,
      0.0016561188967898488,
      0.002784265670925379,
      0.004314071033149958,
      0.006160174496471882,
      0.008106601424515247,
      0.00982644036412239,
      0.010970348492264748,
      0.011275410652160645,
      0.010670030489563942,
      0.009301831014454365,
      0.007474182173609734,
      0.005538074765354395,
      0.003785904496908188,
      0.0023877713829278946,
      0.0013894055737182498,
