{
  "type": "estimated_blind_rl",
  "size": [
    15,
    15
  ],
  "kernel": [
    [
      1.20366466944688e-05,
      3.197262776666321e-05,
      7.5817784818355e-05,
      0.00015340653772000223,
      0.00026473207981325686,
      0.00038967872387729585,
      0.0004891895805485547,
      0.0005236922879703343,
      0.000478086294606328,
      0.00037220504600554705,
      0.000247117510298267,
      0.0001399165776092559,
      6.756289076292887e-05,
      2.7824122298625298e-05,
      1.023234744934598e-05
    ],
    [
      3.232131712138653e-05,
      8.578105916967615e-05,
      0.00020317606686148793,
      0.00041062827222049236,
      0.0007080510840751231,
      0.0010413603158667684,
      0.0013065733946859837,
      0.0013983305543661118,
      0.0012765025021508336,
      0.0009941766038537025,
      0.0006603857036679983,
      0.0003742091648746282,
      0.00018087778880726546,
      7.4576455517672e-05,
      2.745870006037876e-05
    ],
    [
      7.720333815086633e-05,
      0.00020469969604164362,
      0.0004844353534281254,
      0.000978526077233255,
      0.0016865308862179518,
      0.0024810777977108955,
      0.0031145832035690546,
      0.003336333902552724,
      0.003048940096050501,
      0.0023772157728672028,
      0.001581495045684278,
      0.0008974916418083012,
      0.0004344757180660963,
      0.00017940269026439637,
      6.614294397877529e-05
    ],
    [
      0.00015717587666586041,
      0.0004165865248069167,
      0.0009859473211690784,
      0.0019925448577851057,
      0.0034385197795927525,
      0.005065983161330223,
      0.006370957009494305,
      0.006837096530944109,
      0.006259170826524496,
      0.004888717085123062,
      0.0032573738135397434,
      0.0018511740490794182,
      0.0008972381474450231,
      0.0003708970034494996,
      0.0001368431403534487
    ],
    [
      0.0002738669281825423,
      0.0007265098392963409,
      0.0017221502494066954,
      0.003487346461042762,
      0.006031107157468796,
      0.008907586336135864,
      0.01122989971190691,
      0.012077839113771915,
      0.011076687835156918,
      0.008662104606628418,
      0.0057755145244300365,
      0.0032831644639372826,
      0.0015911828959360719,
      0.0006574628641828895,
      0.00024245188978966326
    ],
    [
      0.0004100642981939018,
      0.0010902341455221176,
      0.002590285614132881,
      0.0052572269923985004,
      0.009115530177950859,
      0.013494119979441166,
      0.017042644321918488,
      0.018348773941397667,
      0.01683216169476509,
      0.013155962340533733,
      0.008761610835790634,
      0.004973949398845434,
      0.0024072076193988323,
      0.0009932907996699214,
      0.0003656966146081686
    ],
    [
      0.0005279956385493279,
      0.0014063857961446047,
      0.0033468196634203196,
      0.006803435273468494,
      0.01180741935968399,
      0.017489727586507797,
      0.0220872163772583,
      0.02376384288072586,
      0.021770142018795013,
      0.0169835202395916,
      0.011286408640444279,
      0.006391472183167934,
      0.0030852288473397493,
      0.0012696977937594056,
      0.00046641973312944174
    ],
    [
      0.0005812881863676012,
      0.0015488092321902514,
      0.0036868660245090723,
      0.007492737378925085,
      0.01299605704843998,
      0.019225601106882095,
      0.024234624579548836,
      0.026016945019364357,
      0.023753108456730843,
      0.018468985334038734,
      0.012234779074788094,
      0.006910703610628843,
      0.0033295240718871355,
      0.0013688997132703662,
      0.0005024775164201856
    ],
    [
      0.0005432923207990825,
      0.0014459833037108183,
      0.0034361814614385366,
      0.0069663869217038155,
      0.012044662609696388,
      0.01775982975959778,
      0.022313229739665985,
      0.02387877181172371,
      0.02176383137702942,
      0.016902321949601173,
      0.011191267520189285,
      0.006320990156382322,
      0.0030458865221589804,
      0.0012528144288808107,
      0.0004602526605594903
    ],
    [
      0.0004284976748749614,
      0.0011375286849215627,
      0.00269578630104661,
      0.005451901815831661,
      0.009406826458871365,
      0.013844682835042477,
      0.017373889684677124,
      0.018580155447125435,
      0.01693401299417019,
      0.013157278299331665,
      0.008720798417925835,
      0.004931711126118898,
      0.002380422782152891,
      0.0009805141016840935,
      0.00036074218223802745
    ],
    [
      0.00028636568458750844,
      0.0007593089248985052,
      0.0017975731752812862,
      0.0036315154284238815,
      0.006260421127080917,
      0.009208505041897297,
      0.011555878445506096,
      0.012366685084998608,
      0.011286066845059395,
      0.00878550112247467,
      0.005834813229739666,
      0.0033065378665924072,
      0.001598833128809929,
      0.0006596934981644154,
      0.00024303689133375883
    ],
    [
      0.00016344668983947486,
      0.000433360313763842,
      0.0010259620612487197,
      0.002073475858196616,
      0.003576769260689616,
      0.0052659111097455025,
      0.006615537218749523,
      0.007090327329933643,
      0.006482060067355633,
      0.005056045018136501,
      0.0033640337642282248,
      0.0019093221053481102,
      0.0009243506356142461,
      0.00038170284824445844,
      0.00014070517499931157
    ],
    [
      8.012032049009576e-05,
      0.00021259687491692603,
      0.0005038948729634285,
      0.0010195118375122547,
      0.0017609534552320838,
      0.0025956835597753525,
      0.0032650032080709934,
      0.0035039850044995546,
      0.0032074865885078907,
      0.0025047860108315945,
      0.001668070675805211,
      0.0009472467354498804,
      0.0004586795112118125,
      0.00018940758309327066,
      6.979981844779104e-05
    ],
    [
      3.3771666494430974e-05,
      8.972515206551179e-05,
      0.00021294016914907843,
      0.0004313540121074766,
      0.0007457018946297467,
      0.0011002067476511002,
      0.0013850342947989702,
      0.0014871773310005665,
      0.0013620075769722462,
      0.001063807518221438,
      0.0007084662211127579,
      0.00040222451207228005,
      0.0001946726843016222,
      8.032746700337157e-05,
      2.9576765882666223e-05
    ],
    [
      1.277999035664834e-05,
      3.3984382753260434e-05,
      8.070954208960757e-05,
      0.00016359097207896411,
      0.00028296763775870204,
      0.0004175923822913319,
      0.0005256962031126022,
      0.0005643948097713292,
      0.0005167759372852743,
      0.0004034742305520922,
      0.0002685428480617702,
      0.00015235813043545932,
      7.367884245468304e-05,
      3.037640817638021e-05,
      1.117777810577536e-05
    ]
  ],
  "parameters": {
    "iterations": 25,
    "inner_steps": 1,
    "regularization": true
  }
}