{
    "kernel": [
        [
            0.0,
            0.0,
            0.0
        ],
        [
            0.3333333333333333,
            0.3333333333333333,
            0.3333333333333333
        ],
        [
            0.0,
            0.0,
            0.0
        ]
    ],
    "length": 3,
    "angle": 0,
    "noise_type": "salt_pepper",
    "noise_level": 25
}